domain,expiration_date,notes
yhoo.it,,tranco:136039
4ts.it,,tranco:535806
csi.it,,tranco:38241
bkom.it,,tranco:189146
mnt.it,,tranco:507288
tnx.it,,tranco:54056
fold.it,,tranco:124845
joom.it,,tranco:30994
bbva.it,,tranco:315010
neen.it,,tranco:471965
taap.it,,tranco:361227
mohd.it,,tranco:191617
myo.it,,tranco:290636
arte.it,,tranco:105175
aib.it,,tranco:303584
food.it,,tranco:424201
cdi.it,,tranco:555974
ing.it,,tranco:146146
coni.it,,tranco:71638
film.it,,tranco:421641
octo.it,,tranco:260646
dsy.it,,tranco:254120
csm.it,,tranco:969518
kca.it,,tranco:801098
mps.it,,tranco:50315
bofh.it,,tranco:324111
eni.it,,tranco:168047
get.it,,tranco:484084
rgi.it,,tranco:828977
snam.it,,tranco:109524
htts.it,,tranco:444460
imt.it,,tranco:128683
qds.it,,tranco:242465
ana.it,,tranco:518644
fisr.it,,tranco:532144
mini.it,,tranco:296389
cna.it,,tranco:139896
tix.it,,tranco:247080
bkmm.it,,tranco:483581
sian.it,,tranco:70869
r101.it,,tranco:310949
aldi.it,,tranco:185854
24ad.it,,tranco:322282
nkd.it,,tranco:509038
i4t.it,,tranco:794837
blia.it,,tranco:292138
cni.it,,tranco:652607
casa.it,,tranco:14194
eyeo.it,,tranco:18083
aon.it,,tranco:294381
